{
  "index_patterns": ["marshubcrm_prod_error.log-*", "nginx-*",  "marstranslation_live_serve-*", "mt_cron_prod-*", "mt_cron_dev-*"],  
  "settings": {
      "number_of_shards": 1
  },
  "mappings": {
      "_source": {
          "enabled": true
      },
      "properties": {
          "@timestamp": {
              "type": "date"
          },
          "log_type": {
              "type": "keyword"
          },
          "client_ip": {
              "type": "ip"
          },
          "user": {
              "type": "keyword"
          },
          "http_method": {
              "type": "keyword"
          },
          "url": {
              "type": "keyword"
          },
          "http_version": {
              "type": "keyword"
          },
          "status_code": {
              "type": "short"
          },
          "response_size": {
              "type": "integer"
          },
          "referrer": {
              "type": "keyword"
          },
          "user_agent": {
              "type": "text"
          },
          "error_message": {
              "type": "text"
          },
          "symfony_log_level": {
              "type": "keyword"
          },
          "symfony_message": {
              "type": "text"
          },
          "file_name": {  
              "type": "keyword"
          },
          "tm_sync_status": {  
              "type": "integer"
          },
          "tmInfo": {  
              "type": "text"
          }
      }
  }
}
